__aenter__;;
__aexit__;;
__aiter__;;
__anext__;;
__await__;;
__debug__;;
__delete__;;
__doc__;;
__eq__;;
__future__;;
__get__;;
__hash__;;
__import__;;
__main__;;
__set__;;
_thread;;
a;;
abc;;
abs;;
action;;
add;;
aifc;;
aiter;;
all;;
an;;
and;;
anext;;
any;;
apache;;
api;;
app;;
append;;
are;;
argparse;;
args;;
array;;
arrow;;
as;;
as_integer_ratio;;
ascii;;
assert;;
assertEqual;;
ast;;
async;;
asynchat;;
asynchronous;;
asyncio;;
asyncore;;
at;;
atexit;;
audioop;;
auth;;
await;;
b;;
base;;
base64;;
bdb;;
beautifulsoup;;
bin;;
binascii;;
binhex;;
bisect;;
bit_count;;
bit_length;;
blanke;;
Bob;;
bokeh;;
bool;;
break;;
breakpoint;;
bs4;;
buffer;;
builtins;;
by;;
bytearray;;
byteorder;;
bytes;;
bz2;;
c;;
caffe2;;
calendar;;
callable;;
can;;
case;;
catch;;
ceil;;
cgi;;
cgitb;;
chainer;;
chr;;
chunk;;
cirq;;
class;;
classmethod;;
close;;
cls;;
cmath;;
cmd;;
code;;
codecs;;
codeop;;
coding;;
collections;;
colorsys;;
com;;
command;;
compile;;
compileall;;
complex;;
concurrent;;
configparser;;
const;;
conten;;
context;;
contextlib;;
contextvars;;
continu;;
continue;;
contrib;;
copy;;
copyreg;;
core;;
corpus;;
cosine_similarity;;
count;;
CountVectorizer;;
cprofile;;
cr;;
create;;
crypt;;
csim;;
csv;;
ctypes;;
current;;
curses;;
cython;;
dash;;
data;;
dataclasses;;
DataFrame;;
datetime;;
db;;
dbm;;
decimal;;
def;;
del;;
delattr;;
delorean;;
diag;;
dict;;
difflib;;
dir;;
dis;;
distutils;;
division;;
divmod;;
django;;
doctest;;
dot;;
download;;
duck;;
e;;
elif;;
else;;
email;;
ensurepip;;
enum;;
enumerate;;
env;;
errno;;
error;;
eval;;
event;;
except;;
exec;;
exit;;
f;;
fabric;;
false;;
faulthandler;;
fcntl;;
feature_extraction;;
field;;
fields;;
filecmp;;
filedialog;;
fileinput;;
filter;;
final;;
finally;;
find_all;;
fire;;
fit_transform;;
flashtext;;
flask;;
float;;
floor;;
fnmatch;;
foo;;
for;;
form;;
format;;
fractions;;
from;;
from_bytes;;
fromhex;;
frozenset;;
ftplib;;
functools;;
gc;;
gensim;;
get;;
getattr;;
getopt;;
getpass;;
gettext;;
glob;;
global;;
globals;;
graphlib;;
group;;
grp;;
gzip;;
h;;
has;;
hasattr;;
hash;;
hashlib;;
hassattr;;
have;;
header;;
headers;;
heapq;;
Hebel;;
help;;
hex;;
hmac;;
host;;
html;;
http;;
i;;
id;;
if;;
image;;
imaplib;;
imghdr;;
imp;;
import;;
importlib;;
in;;
index;;
info;;
input;;
inspect;;
instance;;
int;;
io;;
ipaddress;;
ipython;;
is;;
is_integer;;
isinstance;;
issubclass;;
it;;
item;;
iter;;
itertools;;
j;;
javax;;
join;;
json;;
k;;
keras;;
key;;
keyword;;
kwargs;;
label;;
lambda;;
len;;
line;;
linecache;;
list;;
locale;;
locals;;
log;;
log10;;
logging;;
lower;;
luminoth;;
lzma;;
m;;
magic;;
mahotas;;
mailbox;;
mailcap;;
map;;
marshal;;
match;;
math;;
matplotlib;;
max;;
memoryview;;
message;;
method;;
metrics;;
milk;;
mimetypes;;
min;;
mmap;;
mock;;
model;;
models;;
module;;
modulefinder;;
msg;;
msilib;;
msvcrt;;
multiply;;
multiprocessing;;
name;;
netrc;;
networkX;;
new;;
NewRef;;
next;;
nis;;
nltk;;
nntplib;;
node;;
none;;
nonlocal;;
norm;;
nose;;
not;;
ns3;;
null;;
numbers;;
numbers ;;
numpy;;
nuPIC;;
obj;;
object;;
oct;;
of;;
on;;
open;;
opencv;;
operator;;
options;;
optparse;;
or;;
ord;;
org;;
os;;
ossaudiodev;;
other;;
Override;;
p;;
package;;
pairwise;;
pandas;;
params;;
parse;;
pass;;
path;;
pathlib;;
pdb;;
pickle;;
pickletools;;
pillow;;
ping;;
Pipenv;;
pipes;;
pkgutil;;
platform;;
plistlib;;
plotly;;
poetry;;
poplib;;
port;;
porterstemmer;;
posix;;
pow;;
pprint;;
print;;
private;;
profile;;
project;;
property;;
protected;;
pstats;;
pty;;
punctuation;;
pwd;;
py_compile;;
pybrain;;
pyclbr;;
pydoc;;
pygame;;
pyglet;;
pygtk;;
pyqt;;
python;;
pytil;;
pytorch;;
pywin32;;
query;;
queue;;
quit;;
quopri;;
QUOTE_ALL;;
raise;;
ramp;;
random;;
range;;
rb;;
re;;
read;;
read_csv;;
readline;;
real;;
repr;;
reprlib;;
req;;
request;;
requests;;
res;;
reshape;;
resource;;
resp;;
response;;
result;;
return;;
reversed;;
rlcompleter;;
round;;
row;;
run;;
runpy;;
s;;
save;;
scapy;;
sched;;
scikit-learn;;
scipy;;
scrapy;;
seaborn;;
secrets;;
select;;
selectors;;
server;;
session;;
set;;
setattr;;
shelve;;
shlex;;
should;;
shutil;;
signal;;
signed;;
site;;
size;;
sklearn;;
slice;;
smtpd;;
smtplib;;
sndhdr;;
so;;
socket;;
socketserver;;
sorted;;
source;;
spacy;;
spatial;;
split;;
spwd;;
sqlalchemy;;
sqlite3;;
ssl;;
start;;
start_time;;
stat;;
state;;
static;;
staticmethod;;
statistics;;
statsmodels;;
status;;
stdin;;
stdout;;
stopwords;;
str;;
string;;
stringprep;;
struct;;
sub;;
subprocess;;
sum;;
sunau;;
super;;
symPy;;
symtable;;
sys;;
sysconfig;;
syslog;;
t;;
tabnanny;;
tag;;
tarfile;;
target;;
telnetlib;;
tempfile;;
template;;
tensorFlow;;
termios;;
test;;
text;;
textBlob;;
textwrap;;
the;;
theano;;
this;;
threading;;
throws;;
time;;
timeit;;
title;;
tkinter;;
to;;
to_bytes;;
to_numpy;;
toarray;;
token;;
tokenize;;
tolist;;
trace;;
traceback;;
tracemalloc;;
transpose;;
true;;
trunc;;
try;;
tty;;
tuple;;
turtle;;
twisted;;
type;;
types;;
typing;;
u;;
uid;;
unicodedata;;
unittest;;
update;;
url;;
urllib;;
urlopen;;
use;;
used;;
usr;;
utf;;
util;;
utils;;
uu;;
uuid;;
v;;
value;;
values;;
vars;;
vectorizer;;
venv;;
version;;
void;;
warnings;;
wave;;
wb;;
we;;
weakref;;
webbrowser;;
while;;
will;;
winreg;;
winsound;;
with;;
writer;;
writerow;;
wsgiref;;
wxpython;;
x;;
xdrlib;;
xml;;
xmlrpc;;
y;;
yield;;
zip;;
zipapp;;
zipfile;;
zipimport;;
zlib;;
zoneinfo;;
